districts,temperature
Cox's Bazar,29.86021505376344
Barguna,30.897849462365592
Chandpur,30.91182795698925
Bhola,30.933333333333334
Patuakhali,31.08817204301075
Barishal,31.12688172043011
Chattogram,31.16021505376344
Noakhali,31.162365591397847
Feni,31.231182795698924
Thakurgaon,31.24838709677419
